pytanie,odpowiedz 1,odpowiedz 2,odpowiedz 3,odpowiedz 4,poprawna,opis
Z jakiego dnia pochodzi ustawa o lasach?,28 września 1991 r.,16 kwietnia 2004 r.,27 kwietnia 2001 r.,3 października 2008 r.,1,"Tytuł ustawy wskazuje, że została uchwalona 28 września 1991 r."
Do jakich lasów stosuje się przepisy ustawy o lasach?,Wyłącznie do lasów Skarbu Państwa.,Do lasów bez względu na formę ich własności.,Wyłącznie do lasów prywatnych.,Wyłącznie do lasów w parkach narodowych.,2,"Art. 2 stanowi, że przepisy ustawy stosuje się do lasów bez względu na formę własności."
"Jaka jest minimalna zwarta powierzchnia gruntu, aby mógł on być lasem w rozumieniu art. 3 pkt 1?","0,05 ha","0,50 ha","0,10 ha",1 ha,3,"Art. 3 wskazuje zwartą powierzchnię co najmniej 0,10 ha."
Czy grunt przejściowo pozbawiony roślinności leśnej może być lasem w rozumieniu ustawy?,"Nie, nigdy.","Tak, ale wyłącznie przez 1 rok.","Tak, wyłącznie gdy stanowi własność Skarbu Państwa.","Tak, jeżeli spełnia pozostałe warunki wskazane w art. 3.",4,"Definicja lasu obejmuje także grunt przejściowo pozbawiony roślinności leśnej, jeśli spełnia ustawowe przesłanki."
Kto co do zasady zarządza lasami stanowiącymi własność Skarbu Państwa?,Państwowe Gospodarstwo Leśne Lasy Państwowe,Starosta,Generalny Dyrektor Ochrony Środowiska,Wojewoda,1,Art. 4 ust. 1 powierza zarząd lasami Skarbu Państwa Lasom Państwowym.
Kto sprawuje nadzór nad Lasami Państwowymi?,Prezes Rady Ministrów,Minister właściwy do spraw środowiska,Starosta,Marszałek województwa,2,Art. 4 ust. 4 wskazuje ministra właściwego do spraw środowiska.
Kto sprawuje nadzór nad gospodarką leśną w lasach stanowiących własność Skarbu Państwa?,Starosta,Wojewoda,Minister właściwy do spraw środowiska,Dyrektor parku narodowego,3,Art. 5 ust. 1 pkt 1 powierza ten nadzór ministrowi właściwemu do spraw środowiska.
Kto sprawuje nadzór nad gospodarką leśną w lasach niestanowiących własności Skarbu Państwa?,Wójt,Minister właściwy do spraw środowiska,Nadleśniczy z mocy ustawy w każdym przypadku,Starosta,4,Art. 5 ust. 1 pkt 2 wskazuje starostę.
Komu starosta może powierzyć prowadzenie w jego imieniu spraw z zakresu nadzoru nad lasami niepaństwowymi?,Nadleśniczemu Lasów Państwowych,Wójtowi,Dyrektorowi parku narodowego,Marszałkowi województwa,1,Art. 5 ust. 3 pozwala staroście powierzyć te sprawy nadleśniczemu w drodze porozumienia.
Co obejmuje gospodarka leśna według ustawowej definicji?,Wyłącznie pozyskiwanie drewna.,"M.in. urządzanie, ochronę i zagospodarowanie lasu, pozyskiwanie określonych produktów oraz realizację pozaprodukcyjnych funkcji lasu.",Wyłącznie ochronę przeciwpożarową.,Wyłącznie sprzedaż produktów leśnych.,2,"Definicja gospodarki leśnej w art. 6 ma szeroki zakres i obejmuje zarówno funkcje produkcyjne, jak i pozaprodukcyjne."
Czym jest plan urządzenia lasu?,Wyłącznie mapą ewidencyjną lasu.,Decyzją administracyjną o przeznaczeniu gruntu.,"Podstawowym dokumentem gospodarki leśnej zawierającym opis i ocenę stanu lasu oraz cele, zadania i sposoby prowadzenia gospodarki leśnej.",Dokumentem dotyczącym wyłącznie pozyskania drewna.,3,Art. 6 definiuje plan urządzenia lasu jako podstawowy dokument gospodarki leśnej.
Dla jakiego lasu opracowuje się uproszczony plan urządzenia lasu według definicji z art. 6?,Dla każdego lasu powyżej 1 ha.,Wyłącznie dla lasu Skarbu Państwa.,Dla lasu o powierzchni nie większej niż 10 ha.,Dla lasu o obszarze co najmniej 10 ha stanowiącego zwarty kompleks leśny.,4,Ustawowa definicja uproszczonego planu wskazuje zwarty kompleks leśny o powierzchni co najmniej 10 ha.
Czym są drogi leśne w rozumieniu ustawy?,"Drogami położonymi w lasach, niebędącymi drogami publicznymi.",Każdymi drogami publicznymi przebiegającymi przez las.,Wyłącznie drogami przeciwpożarowymi.,Drogami pozostającymi zawsze własnością gminy.,1,"Art. 6 definiuje drogi leśne jako drogi położone w lasach, które nie są drogami publicznymi."
Czym jest etat cięć?,Maksymalną liczbą pracowników nadleśnictwa.,Ilością drewna do pozyskania określoną w planie urządzenia lasu lub uproszczonym planie urządzenia lasu.,Powierzchnią przeznaczoną do zalesienia.,Wysokością opłaty za pozyskanie drewna.,2,"Etat cięć to ilość drewna do pozyskania wynikająca z potrzeb odnowienia, pielęgnowania i ochrony lasu oraz zasady trwałości użytkowania."
Czym jest program ochrony przyrody w rozumieniu ustawy o lasach?,Osobnym rozporządzeniem ministra.,Uchwałą rady gminy.,"Częścią planu urządzenia lasu obejmującą opis stanu przyrody, zadania ochronne i metody ich realizacji.",Wyłącznie wykazem gatunków chronionych.,3,"Art. 6 wskazuje, że program ochrony przyrody jest częścią planu urządzenia lasu."
Według jakich dokumentów prowadzi się trwale zrównoważoną gospodarkę leśną?,Wyłącznie według miejscowego planu zagospodarowania przestrzennego.,Wyłącznie według decyzji starosty.,Wyłącznie według rocznego planu finansowego.,Według planu urządzenia lasu lub uproszczonego planu urządzenia lasu.,4,Art. 7 ust. 1 odwołuje się do planu urządzenia lasu albo uproszczonego planu urządzenia lasu.
Która z poniższych zasad należy do zasad prowadzenia gospodarki leśnej z art. 8?,Powszechna ochrona lasów,Prywatyzacja zasobów leśnych,Maksymalizacja pozyskania drewna,Pierwszeństwo funkcji przemysłowej,1,Art. 8 wymienia powszechną ochronę lasów jako jedną z podstawowych zasad gospodarki leśnej.
Która zasada z art. 8 dotyczy zachowania lasów w czasie?,Swoboda zabudowy leśnej,Trwałość utrzymania lasów,Pierwszeństwo sprzedaży drewna,Minimalizacja powierzchni leśnej,2,Art. 8 wskazuje trwałość utrzymania lasów jako zasadę gospodarki leśnej.
Kto jest obowiązany wykonywać zabiegi profilaktyczne i ochronne zapobiegające pożarom lasów?,Wyłącznie Państwowa Straż Pożarna,Wyłącznie starosta,Właściciele lasów,Wyłącznie nadleśniczy w każdym lesie,3,Art. 9 nakłada obowiązki powszechnej ochrony lasów na ich właścicieli.
"Kto w lasach niepaństwowych określa w drodze decyzji zadania właściciela, gdy nie wykonuje on obowiązków powszechnej ochrony lasów?",Wójt,Dyrektor Generalny Lasów Państwowych,Wojewoda,Starosta,4,Art. 9 ust. 2 przewiduje decyzję starosty.
Kto zarządza wykonanie zabiegów zwalczających i ochronnych w lasach niepaństwowych zagrożonych organizmami szkodliwymi?,Starosta,Nadleśniczy bez udziału starosty,Wójt,Regionalny dyrektor ochrony środowiska,1,"Art. 10 ust. 1 pkt 2 powierza to staroście, z urzędu lub na wniosek nadleśniczego."
"Kto jest obowiązany naprawić szkodę w lasach, jeżeli jest za nią odpowiedzialny?",Zawsze Skarb Państwa.,Odpowiedzialna jednostka organizacyjna albo osoba fizyczna lub prawna.,Zawsze właściciel lasu.,Zawsze gmina.,2,Art. 11 przewiduje naprawienie szkody przez podmiot odpowiedzialny według zasad Kodeksu cywilnego.
"Z jakiego źródła mogą być finansowane koszty odnowienia lub przebudowy drzewostanu, gdy sprawcy określonej szkody nie można ustalić?",Wyłącznie z budżetu gminy,Wyłącznie z funduszu sołeckiego,Z budżetu państwa,Wyłącznie ze składek właścicieli lasów,3,Art. 12 przewiduje w określonych przypadkach finansowanie tych kosztów z budżetu państwa.
W jakim okresie właściciel lasu powinien ponownie wprowadzić roślinność leśną po usunięciu drzewostanu?,Do 2 lat,Do 10 lat,Do 15 lat,Do 5 lat,4,Art. 13 ust. 1 pkt 2 przewiduje okres do 5 lat.
Kiedy dopuszczalna jest zmiana lasu na użytek rolny?,W przypadkach szczególnie uzasadnionych potrzeb właścicieli lasów.,Zawsze na żądanie właściciela.,Wyłącznie dla lasów Skarbu Państwa.,Nigdy.,1,Art. 13 ust. 2 dopuszcza zmianę lasu na użytek rolny tylko w szczególnie uzasadnionych przypadkach.
Kto wydaje decyzję w sprawie zmiany lasu Skarbu Państwa na użytek rolny?,Starosta,"Dyrektor regionalnej dyrekcji Lasów Państwowych, na wniosek nadleśniczego.",Wójt,Minister właściwy do spraw rolnictwa,2,Art. 13 ust. 3 pkt 1 wskazuje dyrektora regionalnej dyrekcji Lasów Państwowych.
Kto wydaje decyzję w sprawie zmiany lasu niepaństwowego na użytek rolny?,Dyrektor Generalny Lasów Państwowych,Wójt,"Starosta, na wniosek właściciela lasu.",Regionalny dyrektor ochrony środowiska,3,Art. 13 ust. 3 pkt 2 wskazuje starostę.
Jakie zadanie Lasy Państwowe realizują bez względu na formę własności lasów?,Sprzedaż drewna z każdego lasu prywatnego.,Zarządzanie wszystkimi lasami prywatnymi.,Ustalanie podatku leśnego dla wszystkich właścicieli.,Sporządzanie wielkoobszarowych inwentaryzacji stanu lasów i prowadzenie banku danych o zasobach leśnych i stanie lasów.,4,Art. 13a ust. 2 rozszerza wskazane zadania inwentaryzacyjne i informacyjne na lasy bez względu na formę własności.
Kto może ustanawiać leśne kompleksy promocyjne?,Dyrektor Generalny Lasów Państwowych,Starosta,Rada gminy,Minister właściwy do spraw rolnictwa,1,Art. 13b ust. 1 przyznaje to uprawnienie Dyrektorowi Generalnemu.
Czy do leśnego kompleksu promocyjnego można włączyć lasy innych właścicieli niż Lasy Państwowe?,"Nie, nigdy.","Tak, na ich wniosek.","Tak, bez ich zgody.","Tak, wyłącznie decyzją wojewody.",2,Art. 13b ust. 2 dopuszcza włączenie lasów innych właścicieli na ich wniosek.
Kto opracowuje krajowy program zwiększania lesistości?,Dyrektor Generalny Lasów Państwowych,Starosta,Minister właściwy do spraw środowiska,Rada Ministrów,3,Art. 14 ust. 2a wskazuje ministra właściwego do spraw środowiska jako autora programu.
Kto zatwierdza krajowy program zwiększania lesistości?,Sejm,Dyrektor Generalny Lasów Państwowych,Minister właściwy do spraw rolnictwa,Rada Ministrów,4,"Art. 14 ust. 2a stanowi, że program zatwierdza Rada Ministrów."
Na kim ciąży obowiązek zalesiania gruntów pozostających w zarządzie Lasów Państwowych?,Na nadleśniczych,Na starostach,Na wójtach,Na regionalnych dyrektorach ochrony środowiska,1,Art. 14 ust. 4 powierza ten obowiązek nadleśniczym.
Kto wydaje decyzję o przyznaniu dotacji z budżetu państwa na zalesienie określonych gruntów prywatnych?,Wójt,Starosta,Dyrektor Generalny Lasów Państwowych,Wojewoda,2,Art. 14 ust. 5 przewiduje decyzję starosty po zaopiniowaniu przez organ wykonawczy gminy.
Czy drewno pozyskane w lasach podlega ocechowaniu?,Nie,Tylko drewno z lasów prywatnych,Tak,Tylko drewno przeznaczone na eksport,3,"Art. 14a ust. 1 stanowi, że drewno pozyskane w lasach podlega ocechowaniu."
Kto cechuje drewno pozyskane w lasach niestanowiących własności Skarbu Państwa?,Nadleśniczy,Wójt,Wojewódzki inspektor ochrony środowiska,Starosta,4,Art. 14a ust. 3 powierza cechowanie takiego drewna staroście.
Jaki dokument otrzymuje właściciel lasu niepaństwowego po ocechowaniu drewna przez starostę?,Dokument stwierdzający legalność pozyskania drewna,Świadectwo pochodzenia drewna wydawane przez wójta,Pozwolenie na wycinkę,Decyzję o zmianie przeznaczenia lasu,1,Art. 14a ust. 3 przewiduje wystawienie dokumentu stwierdzającego legalność pozyskania drewna.
Które lasy mogą być uznane za lasy ochronne?,Wyłącznie lasy prywatne.,"Lasy spełniające szczególne funkcje ochronne, przyrodnicze, naukowe lub społeczne wskazane w art. 15.",Wyłącznie lasy o powierzchni ponad 1000 ha.,Każdy las automatycznie po 50 latach istnienia.,2,"Art. 15 wymienia kategorie lasów, które mogą być uznane za lasy ochronne."
Kto uznaje za ochronny las stanowiący własność Skarbu Państwa?,Starosta,Wójt,Minister właściwy do spraw środowiska,Dyrektor parku narodowego,3,Art. 16 ust. 1 przewiduje decyzję ministra właściwego do spraw środowiska.
Kto uznaje za ochronny las niestanowiący własności Skarbu Państwa?,Minister właściwy do spraw środowiska,Wojewoda,Nadleśniczy,Starosta,4,Art. 16 ust. 1a przewiduje decyzję starosty po uzgodnieniu z właścicielem i zasięgnięciu opinii rady gminy.
Ile czasu ma rada gminy na wyrażenie opinii w sprawie uznania lasu za ochronny?,2 miesiące,14 dni,30 dni,6 miesięcy,1,Art. 16 ust. 2 przewiduje termin dwóch miesięcy.
Co oznacza brak opinii rady gminy w terminie 2 miesięcy w sprawie lasu ochronnego?,Uznaje się opinię za negatywną.,"Uznaje się, że rada gminy nie zgłasza zastrzeżeń.",Postępowanie ulega umorzeniu.,Wniosek musi zostać złożony ponownie.,2,Upływ terminu bez opinii traktowany jest jako brak zastrzeżeń rady gminy.
Na jaki okres co do zasady sporządza się plan urządzenia lasu?,5 lat,15 lat,10 lat,20 lat,3,Art. 18 ust. 1 przewiduje zasadniczo okres 10 lat.
Czy plan urządzenia lasu może być sporządzony na okres krótszy niż 10 lat?,"Nie, okres 10 lat jest bezwzględny.","Tak, ale wyłącznie na 1 rok.","Tak, wyłącznie za zgodą rady gminy.","Tak, w przypadkach uzasadnionych stanem lasów, np. szkodami lub klęskami żywiołowymi.",4,Art. 18 ust. 2 dopuszcza krótszy okres w uzasadnionych przypadkach.
Który element powinien zawierać plan urządzenia lasu?,Program ochrony przyrody,Plan zagospodarowania przestrzennego gminy,Budżet powiatu,Rejestr wszystkich umów sprzedaży drewna,1,Art. 18 ust. 4 wymienia program ochrony przyrody wśród elementów planu.
Dla jakich lasów sporządza się plany urządzenia lasu?,Wyłącznie dla lasów prywatnych.,"Dla lasów stanowiących własność Skarbu Państwa, z zastrzeżeniami ustawy.",Wyłącznie dla lasów miejskich.,Dla wszystkich lasów bez wyjątku w tej samej formie.,2,Art. 19 ust. 1 odnosi plany urządzenia lasu do lasów Skarbu Państwa.
Dla jakich lasów co do zasady sporządza się uproszczone plany urządzenia lasu?,Wyłącznie dla parków narodowych.,Wyłącznie dla lasów Skarbu Państwa w zarządzie Lasów Państwowych.,Dla lasów niestanowiących własności Skarbu Państwa oraz lasów wchodzących w skład Zasobu Własności Rolnej Skarbu Państwa.,Wyłącznie dla lasów ochronnych.,3,Art. 19 ust. 2 wskazuje te dwie podstawowe kategorie.
Kto określa zadania gospodarki leśnej dla rozdrobnionych lasów niepaństwowych o powierzchni do 10 ha?,Wójt w drodze zarządzenia,Nadleśniczy w każdym przypadku,Minister właściwy do spraw środowiska,Starosta w drodze decyzji na podstawie inwentaryzacji stanu lasów.,4,Art. 19 ust. 3 przewiduje decyzję starosty.
Kto określa zadania gospodarki leśnej dla rozdrobnionych lasów do 10 ha wchodzących w skład Zasobu Własności Rolnej Skarbu Państwa?,Nadleśniczy,Starosta,Wójt,Wojewoda,1,Art. 19 ust. 4 powierza to nadleśniczemu.
Kto sporządza plany urządzenia lasu i uproszczone plany urządzenia lasu?,Wyłącznie starosta.,Specjalistyczne jednostki lub inne podmioty wykonawstwa urządzeniowego.,Wyłącznie właściciel lasu.,Wyłącznie regionalny dyrektor ochrony środowiska.,2,Art. 19 ust. 5 wskazuje specjalistyczne jednostki lub inne podmioty wykonawstwa urządzeniowego.
Jak długo projekt uproszczonego planu urządzenia lasu wykłada się do publicznego wglądu?,14 dni,30 dni,60 dni,90 dni,3,Art. 21 ust. 4 przewiduje wyłożenie na okres 60 dni.
Gdzie wykłada się projekt uproszczonego planu urządzenia lasu do publicznego wglądu?,W siedzibie starostwa wyłącznie,W siedzibie nadleśnictwa wyłącznie,W urzędzie marszałkowskim,W siedzibie urzędu gminy,4,Art. 21 ust. 4 wskazuje siedzibę urzędu gminy.
W jakim terminie właściciele lasów mogą składać zastrzeżenia i wnioski do projektu uproszczonego planu urządzenia lasu?,30 dni od daty wyłożenia projektu,7 dni,14 dni,60 dni od zakończenia wyłożenia,1,Art. 21 ust. 5 przewiduje termin 30 dni od daty wyłożenia projektu.
Kto rozstrzyga o uznaniu lub nieuznaniu zastrzeżeń do projektu uproszczonego planu urządzenia lasu?,Wójt,Starosta,Nadleśniczy,Dyrektor Generalny Lasów Państwowych,2,"Art. 21 ust. 5 stanowi, że decyzje w tej sprawie wydaje starosta."
Kto zatwierdza plan urządzenia lasu dla lasów stanowiących własność Skarbu Państwa?,Starosta,Dyrektor Generalny Lasów Państwowych,Minister właściwy do spraw środowiska,Wójt,3,Art. 22 ust. 1 powierza zatwierdzanie ministrowi właściwemu do spraw środowiska.
Kto zatwierdza uproszczony plan urządzenia lasu dla lasów niepaństwowych?,Minister właściwy do spraw środowiska,Wójt,Dyrektor Generalny Lasów Państwowych,"Starosta, po uzyskaniu opinii właściwego terytorialnie nadleśniczego.",4,Art. 22 ust. 2 przewiduje zatwierdzenie przez starostę po uzyskaniu opinii nadleśniczego.
Ile czasu ma nadleśniczy na zgłoszenie zastrzeżeń do projektu uproszczonego planu urządzenia lasu?,30 dni,7 dni,14 dni,60 dni,1,Art. 22 ust. 3 przewiduje termin 30 dni.
W jakiej formie może być dokonana zmiana planu urządzenia lasu lub uproszczonego planu?,Wyłącznie nowym planem uchwalanym od początku,Aneksem,Zarządzeniem wójta,Uchwałą rady gminy,2,Art. 23 ust. 1 przewiduje możliwość zmiany planu aneksem.
Kiedy można zwiększyć rozmiar pozyskania drewna ponad etat miąższościowy użytków rębnych określony w planie?,Zawsze decyzją nadleśniczego.,Po przekroczeniu planu finansowego.,Tylko w związku ze szkodą lub klęską żywiołową.,Na wniosek dowolnego nabywcy drewna.,3,Art. 23 ust. 2 ogranicza taką możliwość do szkody lub klęski żywiołowej.
Kto może zezwolić na pozyskanie drewna w lesie niepaństwowym niezgodnie z uproszczonym planem w przypadkach losowych?,Wójt,Nadleśniczy bez decyzji,Minister właściwy do spraw środowiska,Starosta,4,Art. 23 ust. 4 przewiduje decyzję starosty na wniosek właściciela.
"Co robi starosta, gdy właściciel lasu niepaństwowego nie wykonuje obowiązków trwałego utrzymywania i ochrony lasu (art. 13) lub zadań planu?",Nakazuje wykonanie obowiązków i zadań w drodze decyzji.,Automatycznie przejmuje las.,Nakłada podatek karny bez decyzji.,Przekazuje las Lasom Państwowym.,1,Art. 24 przewiduje nakaz wykonania obowiązków i zadań w drodze decyzji starosty.
Czy lasy stanowiące własność Skarbu Państwa są co do zasady udostępniane dla ludności?,Nie,Tak,Tylko po uzyskaniu zezwolenia starosty,Tylko w weekendy,2,Art. 26 ust. 1 ustanawia zasadę udostępniania lasów Skarbu Państwa ludności.
Które uprawy leśne są objęte stałym zakazem wstępu?,Uprawy do 1 m wysokości,Uprawy do 2 m wysokości,Uprawy leśne do 4 m wysokości,Wszystkie uprawy bez względu na wysokość,3,Art. 26 ust. 2 pkt 1 obejmuje stałym zakazem wstępu uprawy leśne do 4 m wysokości.
Który z poniższych obszarów jest objęty stałym zakazem wstępu do lasu?,Każda droga leśna,Każdy parking leśny,Każdy las mieszany,Ostoje zwierząt,4,Art. 26 ust. 2 wymienia ostoje zwierząt wśród obszarów objętych stałym zakazem wstępu.
Kto wprowadza okresowy zakaz wstępu do lasu Skarbu Państwa?,Nadleśniczy,Starosta,Wójt,Minister właściwy do spraw środowiska,1,Art. 26 ust. 3 przyznaje to uprawnienie nadleśniczemu.
Która sytuacja może uzasadniać okresowy zakaz wstępu do lasu?,Niska cena drewna,Duże zagrożenie pożarowe,Brak miejsc parkingowych,Zwykła zmiana pory roku,2,Art. 26 ust. 3 wymienia duże zagrożenie pożarowe.
Czy zbiór płodów runa leśnego w lasach Skarbu Państwa na potrzeby własne jest co do zasady dopuszczalny?,"Nie, zawsze jest zabroniony.","Tak, ale wymaga umowy z nadleśnictwem.","Tak, z uwzględnieniem ustawowych zakazów.","Tak, wyłącznie dla mieszkańców gminy.",3,Art. 27 ust. 1 dopuszcza zbiór na potrzeby własne z uwzględnieniem zakazów.
Czego wymaga zbiór płodów runa leśnego dla celów przemysłowych?,Wyłącznie zgłoszenia w gminie,Decyzji wojewody,Zgody Policji,Zawarcia umowy z nadleśnictwem,4,Art. 27 ust. 2 wymaga umowy z nadleśnictwem.
Czy lokalizowanie pasiek w lasach Skarbu Państwa jest odpłatne?,"Nie, jest nieodpłatne.","Tak, zawsze.","Tak, według stawki ustalanej przez starostę.","Tak, z wyjątkiem parków narodowych.",1,"Art. 27 ust. 4 stanowi, że lokalizowanie pasiek jest nieodpłatne."
Czy właściciel lasu niepaństwowego może zakazać wstępu do swojego lasu?,"Nie, każdy las prywatny musi być otwarty.","Tak, oznaczając las tablicą z odpowiednim napisem.","Tak, ale wyłącznie decyzją starosty.","Tak, ale tylko w okresie zagrożenia pożarowego.",2,Art. 28 pozwala właścicielowi lasu niepaństwowego zakazać wstępu przez odpowiednie oznaczenie.
Gdzie w lesie dozwolony jest ruch pojazdem silnikowym?,Na każdej drodze leśnej.,Wyłącznie poza lasem.,"Na drogach publicznych, a na drogach leśnych tylko wtedy, gdy są odpowiednio oznakowane jako dopuszczone do ruchu.",Na każdej drodze po uzyskaniu zgody wójta.,3,Art. 29 ust. 1 ogranicza ruch pojazdów do dróg publicznych i oznakowanych dróg leśnych.
Gdzie dopuszczalna jest jazda konna w lesie?,W każdym miejscu w lesie.,Wyłącznie drogami publicznymi.,Tylko po uzyskaniu decyzji starosty.,Tylko drogami leśnymi wyznaczonymi przez nadleśniczego.,4,Art. 29 ust. 1a ogranicza jazdę konną do wyznaczonych dróg leśnych.
Czy impreza masowa organizowana w lesie wymaga zgody?,"Tak, zgody właściciela lasu.",Nie.,"Tak, wyłącznie zgody wójta.","Tak, wyłącznie zgody Policji.",1,Art. 29 ust. 4 wymaga zgody właściciela lasu.
Czy biwakowanie w lesie jest dozwolone w dowolnym miejscu?,"Tak, wszędzie.","Nie, tylko w miejscach wyznaczonych przez właściciela lasu lub nadleśniczego.","Tak, jeśli trwa krócej niż 24 godziny.","Tak, wyłącznie za zgodą starosty.",2,Art. 30 ust. 1 pkt 10 zakazuje biwakowania poza wyznaczonymi miejscami.
Czy puszczanie psów luzem w lesie jest co do zasady zabronione?,Nie,Tylko nocą,Tak,Tylko w lasach prywatnych,3,"Art. 30 ust. 1 pkt 13 ustanawia taki zakaz, z ustawowymi wyjątkami."
"W jakiej odległości od granicy lasu obowiązuje zakaz działań mogących wywołać niebezpieczeństwo pożarowe, takich jak korzystanie z otwartego płomienia?",Do 10 m,Do 50 m,Do 500 m,Do 100 m od granicy lasu,4,"Art. 30 ust. 3 obejmuje las, tereny śródleśne i obszar do 100 m od granicy lasu."
Czy rozniecanie ognia w lesie jest zawsze zabronione?,"Nie, może być dopuszczone w miejscach wyznaczonych przez właściciela lasu lub nadleśniczego.","Tak, bez żadnych wyjątków.","Nie, można rozpalać ogień w dowolnym miejscu.","Nie, ale tylko po zgodzie starosty.",1,Art. 30 ust. 3 zakazuje rozniecania ognia poza miejscami do tego wyznaczonymi.
Jaki status mają Lasy Państwowe według art. 32?,Są spółką akcyjną Skarbu Państwa.,Są państwową jednostką organizacyjną nieposiadającą osobowości prawnej.,Są państwową osobą prawną.,Są jednostką samorządu terytorialnego.,2,Art. 32 ust. 1 określa Lasy Państwowe jako państwową jednostkę organizacyjną bez osobowości prawnej.
Która jednostka wchodzi w skład Lasów Państwowych?,Urząd wojewódzki,Starostwo powiatowe,Nadleśnictwo,Regionalna dyrekcja ochrony środowiska,3,Art. 32 ust. 2 wymienia nadleśnictwa wśród jednostek organizacyjnych Lasów Państwowych.
Kto kieruje Lasami Państwowymi?,Minister właściwy do spraw środowiska bezpośrednio,Starosta,Główny Inspektor Straży Leśnej,Dyrektor Generalny Lasów Państwowych,4,"Art. 33 ust. 1 stanowi, że Lasami Państwowymi kieruje Dyrektor Generalny."
Kto powołuje i odwołuje Dyrektora Generalnego Lasów Państwowych?,Minister właściwy do spraw środowiska,Prezes Rady Ministrów,Prezydent RP,Sejm,1,Art. 33 ust. 2 powierza to ministrowi właściwemu do spraw środowiska.
Kto powołuje i odwołuje dyrektorów regionalnych dyrekcji Lasów Państwowych?,Minister właściwy do spraw środowiska,Dyrektor Generalny Lasów Państwowych,Wojewoda,Starosta,2,Art. 33 ust. 3 pkt 9 przyznaje to uprawnienie Dyrektorowi Generalnemu.
Kto powołuje i odwołuje nadleśniczych?,Dyrektor Generalny Lasów Państwowych,Minister właściwy do spraw środowiska,Dyrektor regionalnej dyrekcji Lasów Państwowych,Starosta,3,Art. 34 pkt 2b przewiduje powoływanie i odwoływanie nadleśniczych przez dyrektora regionalnej dyrekcji.
Kto prowadzi samodzielnie gospodarkę leśną w nadleśnictwie na podstawie planu urządzenia lasu?,Starosta,Leśniczy,Dyrektor parku krajobrazowego,Nadleśniczy,4,Art. 35 ust. 1 powierza to nadleśniczemu.
Za co odpowiada nadleśniczy zgodnie z art. 35 ust. 1?,Za stan lasu w nadleśnictwie,Wyłącznie za sprzedaż drewna,Za wszystkie lasy w powiecie,Wyłącznie za finanse regionalnej dyrekcji,1,Art. 35 ust. 1 wskazuje odpowiedzialność nadleśniczego za stan lasu.
Jakiej pomocy nadleśniczy udziela na wniosek właścicielowi lasu niepaństwowego?,Bezpłatnie przejmuje prowadzenie całej gospodarki w każdym przypadku.,M.in. doradztwa w zakresie zalesiania i gospodarki leśnej.,Ustala podatek leśny.,Wydaje pozwolenie na budowę.,2,Art. 35 ust. 2 przewiduje m.in. doradztwo dla właścicieli lasów niepaństwowych.
Kto może nabywać za zgodą Dyrektora Generalnego lasy i inne nieruchomości uzasadnione potrzebami gospodarki leśnej?,Wyłącznie minister właściwy do spraw środowiska.,Wyłącznie starosta.,"Kierownik właściwej jednostki organizacyjnej Lasów Państwowych, z ustawowym wyjątkiem.",Wyłącznie wójt.,3,Art. 37 ust. 1 przewiduje takie uprawnienie kierownika jednostki organizacyjnej Lasów Państwowych za zgodą Dyrektora Generalnego.
Jaka może być maksymalna cena nabycia przez Lasy Państwowe lasu lub gruntu na podstawie art. 37?,"Dowolna, jeżeli zgodzi się nadleśniczy.",Dwukrotność wartości rynkowej.,Nie więcej niż wartość podatkowa.,Nie wyższa niż wartość określona przez rzeczoznawcę majątkowego.,4,Art. 37 ust. 5 ogranicza cenę do wartości określonej przez rzeczoznawcę majątkowego.
Komu przysługuje z mocy prawa prawo pierwokupu określonych gruntów leśnych sprzedawanych przez podmioty prywatne?,Skarbowi Państwa reprezentowanemu przez Lasy Państwowe,Gminie,Powiatowi,Województwu,1,Art. 37a ust. 1 przyznaje prawo pierwokupu Skarbowi Państwa reprezentowanemu przez Lasy Państwowe.
Czy prawo pierwokupu Lasów Państwowych z art. 37a stosuje się w przypadku dziedziczenia?,"Tak, zawsze.",Nie,"Tak, ale tylko przy lasach powyżej 10 ha.","Tak, za zgodą sądu.",2,Art. 37a ust. 4 wyłącza stosowanie prawa pierwokupu m.in. w przypadku dziedziczenia.
Kto niezwłocznie zawiadamia właściwego nadleśniczego o treści umowy sprzedaży gruntu objętego prawem pierwokupu?,Wójt,Starosta,Notariusz,Kupujący w każdym przypadku,3,Art. 37b ust. 1 nakłada ten obowiązek na notariusza.
W jakim terminie może być wykonane prawo pierwokupu z art. 37a?,W ciągu 7 dni,W ciągu 14 dni,W ciągu 3 miesięcy,W terminie miesiąca od otrzymania przez nadleśniczego odpowiedniego zawiadomienia.,4,Art. 37c ustanawia termin jednego miesiąca.
W jakiej formie Lasy Państwowe wykonują prawo pierwokupu?,Przez złożenie oświadczenia w formie aktu notarialnego.,Przez decyzję administracyjną.,Przez uchwałę rady gminy.,Przez zwykłe pismo bez formy szczególnej.,1,Art. 37d wymaga oświadczenia w formie aktu notarialnego.
"Co do zasady jaki skutek ma czynność prawna dokonana z naruszeniem art. 37a lub 37b, np. bez zawiadomienia nadleśniczego?","Jest ważna, ale podlega karze pieniężnej.",Jest nieważna.,Jest wzruszalna wyłącznie przez gminę.,Staje się ważna po 30 dniach.,2,"Art. 37h stanowi, że taka czynność prawna jest nieważna."
"W jaki sposób co do zasady sprzedaje się lasy, grunty i inne nieruchomości Skarbu Państwa w zarządzie Lasów Państwowych?",Wyłącznie w drodze rokowań,Wyłącznie w drodze darowizny,W drodze przetargu publicznego,W drodze decyzji administracyjnej,3,Art. 38 ust. 4 ustanawia zasadę przetargu publicznego.
"Co można zrobić, gdy dwa przetargi publiczne na sprzedaż nieruchomości Lasów Państwowych zakończą się wynikiem negatywnym?",Przekazać go automatycznie gminie.,Sprzedać bez ustalenia ceny.,Obowiązkowo zrezygnować ze sprzedaży.,Zbyć przedmiot w drodze negocjacji cenowej.,4,Art. 38 ust. 4 dopuszcza negocjacje cenowe po dwóch negatywnych przetargach.
Komu przysługuje prawo pierwokupu przy sprzedaży określonych nieruchomości Lasów Państwowych położonych w granicach administracyjnych miasta?,Gminie,Powiatowi,Wojewodzie,Nadleśniczemu,1,Art. 38 ust. 5 przyznaje gminie prawo pierwokupu.
"Jaką maksymalną powierzchnię może mieć enklawa, którą nadleśniczy może samodzielnie sprzedać na podstawie art. 38 ust. 3?","Do 0,10 ha",Do 1 ha,Do 5 ha,Do 10 ha,2,Art. 38 ust. 3 pozwala nadleśniczemu samodzielnie sprzedać taką enklawę do 1 ha.
Kto może obciążyć nieruchomość Lasów Państwowych służebnością drogową lub przesyłu?,Wójt,Starosta,Nadleśniczy za zgodą dyrektora regionalnej dyrekcji Lasów Państwowych.,Dyrektor Generalny bez udziału nadleśniczego,3,Art. 39a ust. 1 przewiduje takie uprawnienie nadleśniczego za zgodą dyrektora regionalnej dyrekcji.
Jaka jest maksymalna roczna stawka za zajęcie 1 m² nieruchomości przez infrastrukturę telekomunikacyjną na podstawie art. 39b?,1 zł,5 zł,10 zł,"2,5 zł",4,"Art. 39b ust. 5 ogranicza stawkę do 2,5 zł za 1 m² rocznie."
Kiedy może nie być pobierana opłata za umieszczenie infrastruktury telekomunikacyjnej na nieruchomości Lasów Państwowych?,M.in. gdy przedsiębiorca zapewnia szerokopasmowy Internet o przepustowości co najmniej 30 Mb/s w zarządzanych budynkach lub obiektach.,Wyłącznie gdy infrastruktura ma mniej niż 100 m.,Zawsze dla każdego przedsiębiorcy.,Tylko gdy wyrazi zgodę starosta.,1,Art. 39b ust. 6 przewiduje m.in. zwolnienie związane z zapewnieniem dostępu o przepustowości co najmniej 30 Mb/s.
"Kto może przekazać lasy i nieruchomości w użytkowanie bez zmiany ich przeznaczenia, np. ze względów obronności, nauki lub ochrony przyrody (art. 40)?",Starosta,Dyrektor Generalny Lasów Państwowych,Wójt,Wojewoda,2,Art. 40 przyznaje takie uprawnienie Dyrektorowi Generalnemu.
Jaka jest maksymalna łączna obniżka ceny lokalu dla uprawnionych pracowników i byłych pracowników Lasów Państwowych?,50%,75%,95%,90%,3,Art. 40a ust. 4 przewiduje łączną obniżkę nie większą niż 95%.
Na ile maksymalnie rat miesięcznych może zostać rozłożona należność za lokal sprzedawany uprawnionemu pracownikowi lub byłemu pracownikowi Lasów Państwowych?,24 raty,36 rat,120 rat,60 rat,4,Art. 40a ust. 4 pozwala rozłożyć należność na 60 rat miesięcznych.
Jaka jest cena nabycia lokalu dla uprawnionego emeryta lub rencisty według art. 40a ust. 4?,5% jego wartości,10% jego wartości,25% jego wartości,50% jego wartości,1,Art. 40a ust. 4 ustala cenę dla emeryta lub rencisty na 5% wartości lokalu.
Po jakim okresie może powstać obowiązek zwrotu bonifikaty przy zbyciu lokalu nabytego od Lasów Państwowych?,Przed upływem 1 roku.,"Jeżeli lokal zostanie zbyty lub wykorzystany na inne cele niż mieszkalne przed upływem 5 lat, z ustawowym wyjątkiem.",Przed upływem 10 lat bez wyjątków.,Bonifikaty nigdy nie podlegają zwrotowi.,2,"Art. 40a ust. 5b wiąże obowiązek zwrotu bonifikaty z okresem 5 lat, z wyjątkiem zbycia na rzecz osoby bliskiej."
Jaki limit łącznej kwoty kredytów Lasów Państwowych na dany rok przewiduje art. 41?,10%,50%,30% wartości sprzedaży Lasów Państwowych roku poprzedniego,100%,3,Art. 41 ust. 2 ogranicza sumę kredytów do 30% wartości sprzedaży z roku poprzedniego.
Czy lasy Skarbu Państwa w zarządzie Lasów Państwowych mogą być wkładem niepieniężnym do spółek tworzonych lub współtworzonych przez Dyrektora Generalnego?,"Tak, bez ograniczeń.","Tak, za zgodą starosty.","Tak, wyłącznie do spółek akcyjnych.",Nie,4,Art. 42 ust. 2 zakazuje wnoszenia takich lasów jako wkładu niepieniężnego do spółek.
Jaki minimalny wiek musi mieć pracownik Służby Leśnej?,21 lat,18 lat,20 lat,25 lat,1,Art. 45 ust. 2 wymaga ukończenia 21 lat.
Czy pracownik Służby Leśnej musi być zatrudniony w pełnym wymiarze czasu pracy?,Nie,Tak,Tylko strażnik leśny,Tylko nadleśniczy,2,Art. 45 ust. 2 wymaga zatrudnienia w pełnym wymiarze czasu pracy.
Z jakiej ochrony prawnej korzystają pracownicy Służby Leśnej przy wykonywaniu czynności służbowych?,Wyłącznie z ochrony pracowniczej.,Z immunitetu parlamentarnego.,Z ochrony przewidzianej w prawie karnym dla funkcjonariuszy publicznych.,Z ochrony przysługującej sędziom.,3,Art. 46 ust. 1 przyznaje im ochronę prawną przewidzianą dla funkcjonariuszy publicznych.
Jaki jest maksymalny jednorazowy wymiar płatnego urlopu dla poratowania zdrowia pracownika Służby Leśnej?,1 miesiąc,3 miesiące,12 miesięcy,6 miesięcy,4,Art. 46 ust. 1 pkt 3 przewiduje maksymalnie sześć miesięcy.
Jaki minimalny staż pracy w Lasach Państwowych jest wymagany do płatnego urlopu dla poratowania zdrowia?,3 lata w pełnym wymiarze czasu pracy,1 rok,5 lat,10 lat,1,Art. 46 ust. 1 pkt 3 wymaga co najmniej trzech lat pracy w pełnym wymiarze.
Jaka odprawa przysługuje przy przejściu na emeryturę pracownikowi Służby Leśnej po ponad 20 latach pracy w Lasach Państwowych?,Dwukrotność,Sześciokrotność wynagrodzenia za ostatni miesiąc zatrudnienia,Trzykrotność,Dwunastokrotność,2,Art. 46 ust. 1 pkt 5 przewiduje po ponad 20 latach pracy sześciokrotność ostatniego wynagrodzenia.
Kto kieruje Strażą Leśną?,Minister właściwy do spraw wewnętrznych,Komendant Główny Policji,Główny Inspektor Straży Leśnej,Starosta,3,"Art. 47 ust. 1a stanowi, że Strażą Leśną kieruje Główny Inspektor Straży Leśnej."
Komu podporządkowany jest Główny Inspektor Straży Leśnej?,Ministrowi właściwemu do spraw wewnętrznych,Komendantowi Głównemu Policji,Wojewodzie,Dyrektorowi Generalnemu Lasów Państwowych,4,Art. 47 ust. 1a podporządkowuje Głównego Inspektora Dyrektorowi Generalnemu.
Która jednostka Straży Leśnej działa w nadleśnictwie?,Posterunek,Komenda powiatowa,Inspektorat wojewódzki,Oddział graniczny,1,Art. 47 ust. 1b wskazuje posterunki w nadleśnictwach.
Czy strażnik leśny może legitymować osobę podejrzaną o popełnienie przestępstwa lub wykroczenia?,Nie,Tak,Tylko za zgodą Policji,Tylko na podstawie nakazu sądu,2,Art. 47 ust. 2 pkt 1 przyznaje strażnikowi leśnemu prawo legitymowania takich osób.
Czy strażnik leśny może nakładać grzywny w drodze mandatu karnego?,"Nie, nigdy.","Tak, bez żadnych ograniczeń.","Tak, w sprawach i zakresie określonych odrębnymi przepisami.","Tak, ale wyłącznie za zgodą starosty.",3,Art. 47 ust. 2 pkt 2 przewiduje możliwość nakładania i pobierania grzywien mandatowych.
Czy strażnik leśny może ująć na gorącym uczynku sprawcę przestępstwa lub wykroczenia i doprowadzić go do Policji?,Nie,Tylko za zgodą prokuratora,Tylko w przypadku kradzieży drewna,Tak,4,Art. 47 ust. 2 pkt 5 przyznaje takie uprawnienie.
Czy strażnik leśny może kontrolować podmioty zajmujące się obrotem i przetwarzaniem drewna w celu sprawdzenia legalności pochodzenia surowca?,Tak,Nie,Tylko na podstawie decyzji starosty,Wyłącznie wspólnie z Inspekcją Handlową,1,Art. 47 ust. 2b przyznaje strażnikom leśnym takie uprawnienie kontrolne.
Komu przysługuje zażalenie na sposób przeprowadzenia czynności związanych z użyciem środków przymusu bezpośredniego przez strażnika leśnego?,Do wójta,Do prokuratora,Do starosty,Do rady gminy,2,Art. 47 ust. 3b przewiduje zażalenie do prokuratora.
"Którym pracownikom, poza strażnikami leśnymi, przysługują określone uprawnienia w zakresie zwalczania szkodnictwa leśnego?",Wyłącznie pracownikom urzędu gminy.,Wyłącznie wojewodzie.,"M.in. nadleśniczemu, zastępcy nadleśniczego, inżynierowi nadzoru, leśniczemu i podleśniczemu.",Każdemu pracownikowi Lasów Państwowych bez względu na stanowisko.,3,Art. 48 rozszerza wskazane uprawnienia na wymienione stanowiska.
Na jakiej zasadzie Lasy Państwowe prowadzą działalność finansową?,Wyłącznie z dotacji budżetu państwa.,Wyłącznie z budżetów gmin.,Na zasadzie finansowania przez wojewodów.,"Na zasadzie samodzielności finansowej, pokrywając koszty z własnych przychodów.",4,Art. 50 ust. 1 ustanawia samodzielność finansową Lasów Państwowych.
Jaki jest rok obrachunkowy w Lasach Państwowych?,Rok kalendarzowy,Rok szkolny,Rok gospodarczy od lipca do czerwca,Dowolny okres 12 miesięcy ustalony przez Dyrektora Generalnego,1,"Art. 51 stanowi, że rokiem obrachunkowym jest rok kalendarzowy."
Jakie dokumenty Lasy Państwowe sporządzają corocznie na podstawie art. 52?,Wyłącznie bilans sprzedaży drewna.,Raport o stanie lasów oraz sprawozdanie finansowo-gospodarcze.,Wyłącznie raport o stanie lasów prywatnych.,Miejscowy plan zagospodarowania przestrzennego.,2,Art. 52 ust. 1 wymienia raport o stanie lasów i sprawozdanie finansowo-gospodarcze.
Kto przedkłada Sejmowi informację o stanie lasów i realizacji krajowego programu zwiększania lesistości?,Dyrektor Generalny Lasów Państwowych,Starosta,Rada Ministrów,Minister właściwy do spraw rolnictwa samodzielnie,3,Art. 52 ust. 2 powierza to Radzie Ministrów.
Kto dysponuje środkami funduszu leśnego?,Minister Finansów,Starosta,Każdy nadleśniczy niezależnie,Dyrektor Generalny Lasów Państwowych,4,"Art. 56 ust. 2 stanowi, że środkami funduszu leśnego dysponuje Dyrektor Generalny."
Co stanowi jedno ze źródeł funduszu leśnego?,Odpis podstawowy liczony od wartości sprzedaży drewna.,Podatek od nieruchomości wszystkich mieszkańców gmin.,Opłata skarbowa od decyzji starosty.,Wyłącznie dotacje Unii Europejskiej.,1,Art. 57 ust. 1 pkt 1 wymienia odpis podstawowy od wartości sprzedaży drewna.
Co dzieje się ze środkami funduszu leśnego niewykorzystanymi w danym roku?,Przepadają.,Stanowią dochód funduszu w następnym roku kalendarzowym.,Są zwracane do budżetu gminy.,Są dzielone między pracowników.,2,Art. 57 ust. 3 przenosi niewykorzystane środki na następny rok jako dochód funduszu.
Na jaki podstawowy cel przeznacza się środki funduszu leśnego dla nadleśnictw?,Wyłącznie na premie pracowników.,Wyłącznie na budowę dróg publicznych.,Na wyrównywanie niedoborów powstających przy realizacji zadań gospodarki leśnej i administracji publicznej w zakresie leśnictwa.,Wyłącznie na zakup gruntów rolnych.,3,Art. 58 ust. 1 przewiduje wyrównywanie niedoborów związanych z tymi zadaniami.
Czy środki funduszu leśnego mogą być przeznaczane na badania naukowe?,Nie,Tylko po zgodzie Sejmu,Wyłącznie na badania medyczne,Tak,4,Art. 58 ust. 2 wymienia badania naukowe jako jeden z możliwych celów funduszu.
Kto może utworzyć fundusz stabilizacji z wydzielonej części środków funduszu leśnego?,Dyrektor Generalny Lasów Państwowych,Starosta,Rada Ministrów,Wójt,1,Art. 58 ust. 4 przyznaje to uprawnienie Dyrektorowi Generalnemu.
Jaka kara grozi za przywóz produktów z drewna z państw partnerskich bez wymaganego zezwolenia FLEGT?,Stała kara 5000 zł.,Administracyjna kara pieniężna w wysokości dwukrotnej wartości celnej produktów.,Kara w wysokości 10% wartości produktów.,Wyłącznie pouczenie.,2,Art. 66a przewiduje karę równą dwukrotnej wartości celnej produktów.
Jaki jest zakres administracyjnej kary pieniężnej za wprowadzenie do obrotu nielegalnie pozyskanego drewna lub produktów z drewna?,Od 500 zł do 5000 zł,Od 5000 zł do 20 000 zł,Od 20 000 zł do 500 000 zł,Od 100 000 zł do 1 000 000 zł,3,Art. 66b przewiduje karę od 20 000 zł do 500 000 zł.
Jaki jest zakres kary za niestosowanie wymaganych środków dostępu do informacji oraz procedur oceny i ograniczania ryzyka przy wprowadzaniu drewna do obrotu (art. 66c)?,Od 500 zł do 5000 zł,Od 20 000 zł do 50 000 zł,Od 100 000 zł do 1 000 000 zł,Od 5000 zł do 500 000 zł,4,Art. 66c przewiduje karę od 5000 zł do 500 000 zł.
Przez jaki minimalny okres należy przechowywać informacje pozwalające zidentyfikować dostawców i odbiorców drewna w przypadkach objętych art. 66e?,5 lat,1 rok,3 lata,10 lat,1,Art. 66e ust. 1 wskazuje okres co najmniej 5 lat.
Jaki jest zakres kary za nieprzechowywanie lub nieprzekazanie informacji pozwalających zidentyfikować dostawców i odbiorców drewna (art. 66e)?,Od 500 zł do 5000 zł,Od 5000 zł do 20 000 zł,Od 20 000 zł do 500 000 zł,Od 100 000 zł do 1 000 000 zł,2,Art. 66e przewiduje administracyjną karę pieniężną od 5000 zł do 20 000 zł.
Kto wymierza karę z art. 66a dotyczącą przywozu produktów bez zezwolenia FLEGT?,Wojewódzki inspektor ochrony środowiska,Starosta,Właściwy naczelnik urzędu celno-skarbowego,Nadleśniczy,3,Art. 66f ust. 1 pkt 1 powierza wymierzenie tej kary naczelnikowi urzędu celno-skarbowego.
"Kto wymierza administracyjne kary pieniężne za wprowadzanie nielegalnego drewna do obrotu, brak należytej staranności lub naruszenie obowiązków informacyjnych (art. 66b–66e)?",Starosta,Nadleśniczy,Minister Finansów,Właściwy wojewódzki inspektor ochrony środowiska,4,Art. 66f ust. 1 pkt 2 wskazuje wojewódzkiego inspektora ochrony środowiska.
"Kiedy organ odstępuje od kary za wprowadzanie nielegalnego drewna do obrotu, brak należytej staranności lub naruszenie obowiązków informacyjnych (art. 66b–66e)?","Gdy naruszenie nastąpiło wskutek zdarzeń lub okoliczności, którym podmiot nie mógł zapobiec.",Zawsze przy pierwszym naruszeniu.,Gdy podmiot jest osobą fizyczną.,Gdy wartość drewna nie przekracza 1000 zł.,1,"Art. 66f ust. 3 przewiduje odstąpienie, gdy podmiot nie mógł zapobiec zdarzeniom lub okolicznościom powodującym naruszenie."
Po jakim czasie od popełnienia naruszenia nie można nałożyć administracyjnej kary pieniężnej z rozdziału 9a?,Po 1 roku,Po 3 latach,Po 5 latach,Po 10 latach,2,Art. 66f ust. 4 ustanawia trzyletni termin.
W jakim terminie należy uiścić administracyjną karę pieniężną po ostateczności decyzji?,7 dni,30 dni,14 dni,60 dni,3,Art. 66g ust. 1 przewiduje termin 14 dni.
Co stanowią wpływy z administracyjnych kar pieniężnych przewidzianych w rozdziale 9a?,Dochód gminy,Dochód funduszu leśnego,Dochód nadleśnictwa,Dochód budżetu państwa,4,"Art. 66g ust. 2 stanowi, że wpływy z tych kar są dochodem budżetu państwa."
Kiedy ustawa o lasach weszła w życie?,1 stycznia 1992 r.,28 września 1991 r.,1 stycznia 1991 r.,16 kwietnia 2004 r.,1,"Art. 82 stanowi, że ustawa weszła w życie 1 stycznia 1992 r."
